"Referenz","Wert","Footprint","Anzahl","Bestellnummer","Hersteller"
"+3V3","+3V3","TestPoint:TestPoint_Pad_D2.0mm","1","",""
"+5V1","+5V","TestPoint:TestPoint_Pad_D2.0mm","1","",""
"+Batt1","+Batt","TestPoint:TestPoint_Pad_D2.0mm","1","",""
"C1","10µF","Capacitor_SMD:C_1206_3216Metric_Pad1.33x1.80mm_HandSolder","1","",""
"C2","22µF","Capacitor_SMD:C_1206_3216Metric_Pad1.33x1.80mm_HandSolder","1","",""
"C3,C6,C7,C9","100nF","Capacitor_SMD:C_0805_2012Metric_Pad1.18x1.45mm_HandSolder","4","",""
"C5","220uF","Capacitor_SMD:CP_Elec_6.3x5.4","1","",""
"C8,C10","22uF","Capacitor_SMD:C_1206_3216Metric_Pad1.33x1.80mm_HandSolder","2","",""
"GND1","GND","TestPoint:TestPoint_Pad_D2.0mm","1","",""
"J2","Servo","Connector_JST:JST_XH_B3B-XH-A_1x03_P2.50mm_Vertical","1","",""
"J3","Motor_Driver","Connector_IDC:IDC-Header_2x04_P2.54mm_Vertical","1","",""
"J4","2S Lipo","Connector_Wire:SolderWire-0.75sqmm_1x02_P4.8mm_D1.25mm_OD2.3mm","1","",""
"J5","Speaker","Connector_PinHeader_2.54mm:PinHeader_1x02_P2.54mm_Vertical","1","",""
"J7","IR LEDs","Connector_PinHeader_2.54mm:PinHeader_1x02_P2.54mm_Vertical","1","",""
"J8","Beleuchtung","Connector_PinHeader_2.54mm:PinHeader_1x02_P2.54mm_Vertical","1","",""
"J9","Rückwärts","Connector_PinHeader_2.54mm:PinHeader_1x02_P2.54mm_Vertical","1","",""
"L1","4.7µH","Inductor_SMD:L_Bourns_SRN6045TA","1","",""
"Q1","MMBT2222A","Package_TO_SOT_SMD:SOT-23_Handsoldering","1","",""
"Q2,Q3","Beleuchtung","Package_TO_SOT_SMD:SOT-23_Handsoldering","2","",""
"R1-R3","1K","Resistor_SMD:R_0805_2012Metric_Pad1.20x1.40mm_HandSolder","3","",""
"R4-R6,R9-R12","10k","Resistor_SMD:R_0805_2012Metric_Pad1.20x1.40mm_HandSolder","7","",""
"R7","1k","Resistor_SMD:R_0805_2012Metric_Pad1.20x1.40mm_HandSolder","1","",""
"R8","4.7k","Resistor_SMD:R_0805_2012Metric_Pad1.20x1.40mm_HandSolder","1","",""
"R13","20k","Resistor_SMD:R_0805_2012Metric_Pad1.20x1.40mm_HandSolder","1","",""
"R14","47k","Resistor_SMD:R_0805_2012Metric_Pad1.20x1.40mm_HandSolder","1","",""
"R15","51k","Resistor_SMD:R_0805_2012Metric_Pad1.20x1.40mm_HandSolder","1","",""
"R16","100k","Resistor_SMD:R_0805_2012Metric_Pad1.20x1.40mm_HandSolder","1","",""
"R17","330","Resistor_SMD:R_0805_2012Metric_Pad1.20x1.40mm_HandSolder","1","",""
"SW1","Characterwähler","Button_Switch_THT:SW_DIP_SPSTx04_Piano_10.8x11.72mm_W7.62mm_P2.54mm","1","",""
"U1","ESP32-C6-SUPERMINI","zzzz_Own:ESP32-C6-SuperMini_2x10_P2.54mm_Row15.24mm","1","",""
"U2","DFPlayer Mini","Connector_PinHeader_2.54mm:PinHeader_1x08_P2.54mm_Vertical","1","",""
"U3","LSM6DS3","Connector_PinHeader_2.54mm:PinHeader_1x07_P2.54mm_Vertical","1","",""
"U6","AP63205WU","Package_TO_SOT_SMD:TSOT-23-6","1","",""
